mmsi,x,y,time,colreg_compliant,good_seamanship,unmodeled_behaviour,has_turned_portwards,has_turned_starboardwards,change_in_speed,is_changing_course,CR_PS,CR_SS,HO,OT_en,OT_ing,priority_lower,priority_similar,priority_higher,risk_of_collision,current_risk_of_collision,start
0,7049000.7567724204,275000.0000000000,420.0000000000,0.9890747826,0.9896200000,0.0000175973,0.0000000000,0.0000000000,0,0.0000000000,0.0000000000,0.0000000000,1.0000000000,0.0000000000,0.0000000000,0.0490578721,0.8625543091,0.0883878188,0.9999999909,0.9999999909,1
1,7053940.6414737701,274996.2871911063,420.0000000000,0.9893663908,0.9897700000,0.0000158644,0.0000000000,0.0000000000,0,0.0000000000,0.0000000000,0.0000000000,1.0000000000,0.0000000000,0.0000000000,0.0492631733,0.8606216598,0.0901151669,0.9999999948,0.9999999948,1
0,7049020.0913588507,275000.0000000000,422.0000000000,0.9892915144,0.9902000000,0.0000173549,0.0000000000,0.0000000000,0,0.0000000000,0.0000000000,0.0000000000,1.0000000000,0.0000000000,0.0000000000,0.0481805706,0.8631081259,0.0887113035,0.9999999845,0.9999999845,0
1,7053921.1995973960,274996.5368067136,422.0000000000,0.9893254718,0.9902300000,0.0000182034,0.0000000000,0.0000000000,0,0.0000000000,0.0000000000,0.0000000000,1.0000000000,0.0000000000,0.0000000000,0.0474097237,0.8606048592,0.0919854171,0.9999999948,0.9999999948,0
0,7049039.4259452811,275000.0000000000,424.0000000000,0.9894514520,0.9903200000,0.0000179582,0.0000000000,0.0000000000,0,0.0000000000,0.0000000000,0.0000000000,1.0000000000,0.0000000000,0.0000000000,0.0464731277,0.8652457947,0.0882810776,0.9999999881,0.9999999881,0
1,7053898.0498144906,274997.1596574579,424.0000000000,0.9896554374,0.9900000000,0.0000182717,0.0000000000,0.0000000000,0,0.0000000000,0.0000000000,0.0000000000,1.0000000000,0.0000000000,0.0000000000,0.0471232573,0.8646850845,0.0881916582,0.9999999955,0.9999999955,0
0,7049058.7605317114,275000.0000000000,426.0000000000,0.9901954809,0.9902700000,0.0000172452,0.0000000000,0.0000000000,0,0.0000000000,0.0000000000,0.0000000000,1.0000000000,0.0000000000,0.0000000000,0.0470692779,0.8665444920,0.0863862300,0.9999999951,0.9999999951,0
1,7053879.0602197442,274996.9437283923,426.0000000000,0.9892288616,0.9896700000,0.0000184132,0.0000000000,0.0000000000,0,0.0000000000,0.0000000000,0.0000000000,1.0000000000,0.0000000000,0.0000000000,0.0486578472,0.8644505251,0.0868916277,0.9999999881,0.9999999881,0
0,7049078.0951181417,275000.0000000000,428.0000000000,0.9900839657,0.9901600000,0.0000176922,0.0000000000,0.0000000000,0,0.0000000000,0.0000000000,0.0000000000,1.0000000000,0.0000000000,0.0000000000,0.0467343132,0.8657075503,0.0875581365,0.9999999976,0.9999999976,0
1,7053860.0706249978,274996.7277993267,428.0000000000,0.9894941860,0.9904000000,0.0000181792,0.0000000000,0.0000000000,0,0.0000000000,0.0000000000,0.0000000000,1.0000000000,0.0000000000,0.0000000000,0.0491327102,0.8645811049,0.0862861849,0.9999999975,0.9999999975,0
0,7049097.4297045721,275000.0000000000,430.0000000000,0.9891910907,0.9900500000,0.0000164389,0.0000000000,0.0000000000,0,0.0000000000,0.0000000000,0.0000000000,1.0000000000,0.0000000000,0.0000000000,0.0479039501,0.8651276477,0.0869684021,1.0000000000,1.0000000000,0
1,7053839.6029122146,274999.0901706076,430.0000000000,0.9898068677,0.9897300000,0.0000162548,0.0000000000,0.0000000000,0,0.0000000000,0.0000000000,0.0000000000,1.0000000000,0.0000000000,0.0000000000,0.0487965485,0.8692342860,0.0819691655,0.9999999954,0.9999999954,0
0,7049116.7642910024,275000.0000000000,432.0000000000,0.9899608339,0.9901600000,0.0000182578,0.0000000000,0.0000000000,0,0.0000000000,0.0000000000,0.0000000000,1.0000000000,0.0000000000,0.0000000000,0.0481715898,0.8637945980,0.0880338122,0.9999999951,0.9999999951,0
1,7053819.9512115838,274998.5034681099,432.0000000000,0.9892616006,0.9903300000,0.0000154518,0.0000000000,0.0000000000,0,0.0000000000,0.0000000000,0.0000000000,1.0000000000,0.0000000000,0.0000000000,0.0493557695,0.8685273620,0.0821168685,1.0000000000,1.0000000000,0
0,7049136.0988774328,275000.0000000000,434.0000000000,0.9893591683,0.9900800000,0.0000186071,0.0000000000,0.0000000000,0,0.0000000000,0.0000000000,0.0000000000,1.0000000000,0.0000000000,0.0000000000,0.0475972374,0.8648432305,0.0875595321,0.9999999899,0.9999999899,0
1,7053800.2995109530,274997.9167656123,434.0000000000,0.9895641995,0.9898300000,0.0000164897,0.0000000000,0.0000000000,0,0.0000000000,0.0000000000,0.0000000000,1.0000000000,0.0000000000,0.0000000000,0.0475502665,0.8702532943,0.0821964392,0.9999999847,0.9999999847,0
0,7049155.4334638631,275000.0000000000,436.0000000000,0.9901477749,0.9899300000,0.0000229068,0.0000000000,0.0000000000,0,0.0000000000,0.0000000000,0.0000000000,1.0000000000,0.0000000000,0.0000000000,0.0452967799,0.8376186866,0.1170845335,0.9999999869,0.9999999869,0
1,7053777.6059203669,274999.5942892698,436.0000000000,0.9895555289,0.9903500000,0.0000206613,0.0000000000,0.0000000000,0,0.0000000000,0.0000000000,0.0000000000,1.0000000000,0.0000000000,0.0000000000,0.0474277187,0.8460223005,0.1065499808,0.9999999912,0.9999999912,0
0,7049174.7680502934,275000.0000000000,438.0000000000,0.9899283488,0.9896400000,0.0000229946,0.0000000000,0.0000000000,0,0.0000000000,0.0000000000,0.0000000000,1.0000000000,0.0000000000,0.0000000000,0.0470795879,0.8352366386,0.1176837735,0.9999999939,0.9999999939,0
1,7053757.1908800192,274999.1997610200,438.0000000000,0.9891086457,0.9897000000,0.0000210635,0.0000000000,0.0000000000,0,0.0000000000,0.0000000000,0.0000000000,1.0000000000,0.0000000000,0.0000000000,0.0490770654,0.8462304727,0.1046924619,0.9999999789,0.9999999789,0
0,7049194.1026367238,275000.0000000000,440.0000000000,0.9890722670,0.9904500000,0.0000238575,0.0000000000,0.0000000000,0,0.0000000000,0.0000000000,0.0000000000,1.0000000000,0.0000000000,0.0000000000,0.0463691028,0.8342465334,0.1193843638,0.9999999958,0.9999999958,0
1,7053736.7758396715,274998.8052327703,440.0000000000,0.9891366534,0.9900800000,0.0000212875,0.0000000000,0.0000000000,0,0.0000000000,0.0000000000,0.0000000000,1.0000000000,0.0000000000,0.0000000000,0.0482576581,0.8452063450,0.1065359969,1.0000000000,1.0000000000,0
0,7049213.4372231541,275000.0000000000,442.0000000000,0.9893039271,0.9896800000,0.0000187640,0.0000000000,0.0000000000,0,0.0000000000,0.0000000000,0.0000000000,1.0000000000,0.0000000000,0.0000000000,0.0473050703,0.8615306112,0.0911643185,0.9999999974,0.9999999974,0
1,7053723.4304585746,275000.4475586580,442.0000000000,0.9900444756,0.9897500000,0.0000183148,0.0000000000,0.0000000000,0,0.0000000000,0.0000000000,0.0000000000,1.0000000000,0.0000000000,0.0000000000,0.0478569685,0.8613851070,0.0907579245,0.9999999920,0.9999999920,0
0,7049232.7718095845,275000.0000000000,444.0000000000,0.9895440624,0.9897200000,0.0000268754,0.0000000000,0.0000000000,0,0.0000000000,0.0000000000,0.0000000000,1.0000000000,0.0000000000,0.0000000000,0.0458795609,0.8255359310,0.1285845081,0.9999999881,0.9999999881,0
1,7053704.4033838874,275000.6596155916,444.0000000000,0.9901140999,0.9898400000,0.0000249043,0.0000000000,0.0000000000,0,0.0000000000,0.0000000000,0.0000000000,1.0000000000,0.0000000000,0.0000000000,0.0469111530,0.8269642933,0.1261245538,0.9999999927,0.9999999927,0
0,7049252.1063960148,275000.0000000000,446.0000000000,0.9901376319,0.9897100000,0.0000265455,0.0000000000,0.0000000000,0,0.0000000000,0.0000000000,0.0000000000,1.0000000000,0.0000000000,0.0000000000,0.0459263775,0.8269834135,0.1270902091,0.9999999824,0.9999999824,0
1,7053685.3763092002,275000.8716725253,446.0000000000,0.9896412392,0.9907200000,0.0000259663,0.0000000000,0.0000000000,0,0.0000000000,0.0000000000,0.0000000000,1.0000000000,0.0000000000,0.0000000000,0.0452136923,0.8301764472,0.1246098605,0.9999999927,0.9999999927,0
0,7049271.4409824451,275000.0000000000,448.0000000000,0.9883454506,0.9897500000,0.0000266968,0.0000000000,0.0000000000,0,0.0000000000,0.0000000000,0.0000000000,1.0000000000,0.0000000000,0.0000000000,0.0455757753,0.8276163920,0.1268078327,0.9999999836,0.9999999836,0
1,7053666.3148866184,275002.9802956550,448.0000000000,0.9891973933,0.9907400000,0.0000238986,0.0000000000,0.0000000000,0,0.0000000000,0.0000000000,0.0000000000,1.0000000000,0.0000000000,0.0000000000,0.0471928875,0.8277492050,0.1250579074,0.9999999784,0.9999999784,0
0,7049290.7755688755,275000.0000000000,450.0000000000,0.9892202286,0.9902500000,0.0000258446,0.0000000000,0.0000000000,0,0.0000000000,0.0000000000,0.0000000000,1.0000000000,0.0000000000,0.0000000000,0.0472837434,0.8264077546,0.1263085020,1.0000000000,1.0000000000,0
1,7053646.9568822496,275003.6028109585,450.0000000000,0.9883855401,0.9896500000,0.0000253619,0.0000000000,0.0000000000,0,0.0000000000,0.0000000000,0.0000000000,1.0000000000,0.0000000000,0.0000000000,0.0462196844,0.8276442474,0.1261360682,0.9999999964,0.9999999964,0
0,7049310.1101553058,275000.0000000000,452.0000000000,0.9885013632,0.9901800000,0.0000252107,0.0000000000,0.0000000000,0,0.0000000000,0.0000000000,0.0000000000,1.0000000000,0.0000000000,0.0000000000,0.0455588798,0.8293539256,0.1250871945,0.9999999892,0.9999999892,0
1,7053627.5988778807,275004.2253262621,452.0000000000,0.9897698443,0.9902700000,0.0000275665,0.0000000000,0.0000000000,0,0.0000000000,0.0000000000,0.0000000000,1.0000000000,0.0000000000,0.0000000000,0.0450696681,0.8285428766,0.1263874553,0.9999999891,0.9999999891,0
0,7049329.4447417362,275000.0000000000,454.0000000000,0.9876877743,0.9901700000,0.0000258198,0.0000000000,0.0000000000,0,0.0000000000,0.0000000000,0.0000000000,1.0000000000,0.0000000000,0.0000000000,0.0450110090,0.8270156853,0.1279733057,0.9999999572,0.9999999572,0
1,7053612.8263921998,275002.9373340693,454.0000000000,0.9863250822,0.9899200000,0.0000254612,0.0000000000,0.0000000000,0,0.0000000000,0.0000000000,0.0000000000,1.0000000000,0.0000000000,0.0000000000,0.0472167274,0.8257892264,0.1269940462,0.9999999132,0.9999999132,0
0,7049348.7793281665,275000.0000000000,456.0000000000,0.9871586987,0.9900500000,0.0000253488,0.0000000000,0.0000000000,0,0.0000000000,0.0000000000,0.0000000000,1.0000000000,0.0000000000,0.0000000000,0.0439217416,0.8299902491,0.1260880092,0.9999999451,0.9999999451,0
1,7053594.3612580709,275004.0789769590,456.0000000000,0.9870285599,0.9902900000,0.0000254943,0.0000000000,0.0000000000,0,0.0000000000,0.0000000000,0.0000000000,1.0000000000,0.0000000000,0.0000000000,0.0454129834,0.8293136002,0.1252734163,0.9999999578,0.9999999578,0
0,7049368.1139145968,275000.0000000000,458.0000000000,0.9878769276,0.9898000000,0.0000264907,0.0000000000,0.0000000000,0,0.0000000000,0.0000000000,0.0000000000,1.0000000000,0.0000000000,0.0000000000,0.0476109919,0.8246160554,0.1277729528,0.9999999164,0.9999999164,0
1,7053575.8961239420,275005.2206198487,458.0000000000,0.9877866431,0.9904200000,0.0000279040,0.0000000000,0.0000000000,0,0.0000000000,0.0000000000,0.0000000000,1.0000000000,0.0000000000,0.0000000000,0.0452516838,0.8279067444,0.1268415719,0.9999999156,0.9999999156,0
0,7049387.4485010272,275000.0000000000,460.0000000000,0.9898740262,0.9894400000,0.0000265866,0.0000000000,0.0000000000,0,0.0000000000,0.0000000000,0.0000000000,1.0000000000,0.0000000000,0.0000000000,0.0443071577,0.8320544425,0.1236383998,0.9999999855,0.9999999855,0
1,7053554.2873358103,275004.4579307899,460.0000000000,0.9900766025,0.9904400000,0.0000103690,0.0000000000,0.0000000000,0,1.0000000000,0.0000000000,0.0000000000,1.0000000000,0.0000000000,0.0000000000,0.0498887391,0.8995394113,0.0505718496,0.9999999971,0.9999999971,0
0,7049406.7830874575,275000.0000000000,462.0000000000,0.9900550169,0.9900000000,0.0000296677,0.0000000000,0.0000000000,0,0.0000000000,0.0000000000,0.0000000000,1.0000000000,0.0000000000,0.0000000000,0.0465785666,0.8124339378,0.1409874957,0.9999999835,0.9999999835,0
1,7053535.2808629656,275004.3822753291,462.0000000000,0.9900365028,0.9901800000,0.0000099329,0.0000000000,0.0000000000,0,1.0000000000,0.0000000000,0.0000000000,1.0000000000,0.0000000000,0.0000000000,0.0490555491,0.9008776693,0.0500667817,0.9999999971,0.9999999956,0
0,7049426.1176738879,275000.0000000000,464.0000000000,0.9910006673,0.9900700000,0.0000276794,0.0000000000,0.0000000000,0,0.0000000000,0.0000000000,0.0000000000,1.0000000000,0.0000000000,0.0000000000,0.0469338388,0.8142201500,0.1388460112,0.9999999959,0.9999999959,0
1,7053516.2743901210,275004.3066198683,464.0000000000,0.9902069470,0.9897700000,0.0000107045,0.0000000000,0.0000000000,0,1.0000000000,0.0000000000,0.0000000000,1.0000000000,0.0000000000,0.0000000000,0.0491667193,0.8995100947,0.0513231860,0.9999999985,0.9999999985,0
0,7049445.4522603182,275000.0000000000,466.0000000000,0.9891427469,0.9900200000,0.0000288343,0.0000000000,0.0000000000,0,0.0000000000,0.0000000000,0.0000000000,1.0000000000,0.0000000000,0.0000000000,0.0447435673,0.8147645582,0.1404918745,1.0000000000,1.0000000000,0
1,7053494.4717154521,275001.9755538248,466.0000000000,0.9897559286,0.9902700000,0.0000099162,0.0000000000,0.0000000000,0,1.0000000000,0.0000000000,0.0000000000,1.0000000000,0.0000000000,0.0000000000,0.0502868099,0.8999368522,0.0497763379,0.9999999985,0.9999999985,0
0,7049464.7868467486,275000.0000000000,468.0000000000,0.9896811810,0.9894800000,0.0000270465,0.0000000000,0.0000000000,0,0.0000000000,0.0000000000,0.0000000000,1.0000000000,0.0000000000,0.0000000000,0.0470555462,0.8101462438,0.1427982100,0.9999999958,0.9999999958,0
1,7053474.5545466673,275001.2431515192,468.0000000000,0.9900857282,0.9903100000,0.0000104361,0.0000000000,0.0000000000,0,1.0000000000,0.0000000000,0.0000000000,1.0000000000,0.0000000000,0.0000000000,0.0482118440,0.9017928380,0.0499953180,0.9999999956,0.9999999942,0
0,7049484.1214331789,275000.0000000000,470.0000000000,0.9901257441,0.9902800000,0.0000285962,0.0000000000,0.0000000000,0,0.0000000000,0.0000000000,0.0000000000,1.0000000000,0.0000000000,0.0000000000,0.0481889233,0.8115429728,0.1402681039,1.0000000000,0.9999999955,0
1,7053454.6373778824,275000.5107492136,470.0000000000,0.9899200753,0.9902800000,0.0000099329,0.0000000000,0.0000000000,0,1.0000000000,0.0000000000,0.0000000000,1.0000000000,0.0000000000,0.0000000000,0.0492032779,0.9001920424,0.0506046797,1.0000000000,0.9999999956,0
0,7049503.4560196092,275000.0000000000,472.0000000000,0.9896179055,0.9899300000,0.0000275778,0.0000000000,0.0000000000,0,0.0000000000,0.0000000000,0.0000000000,1.0000000000,0.0000000000,0.0000000000,0.0446334393,0.8158134269,0.1395531338,1.0000000000,1.0000000000,0
1,7053435.7620688053,275001.4471663178,472.0000000000,0.9899564408,0.9897200000,0.0000098994,0.0000000000,0.0000000000,0,1.0000000000,0.0000000000,0.0000000000,1.0000000000,0.0000000000,0.0000000000,0.0479465010,0.9014000357,0.0506534633,0.9999999942,0.9999999942,0
0,7049522.7906060396,275000.0000000000,474.0000000000,0.9896589751,0.9900900000,0.0000357449,0.0000000000,0.0000000000,0,0.0000000000,0.0000000000,0.0000000000,1.0000000000,0.0000000000,0.0000000000,0.0433708249,0.7783200373,0.1783091377,0.9999999896,0.9999999896,0
1,7053415.8240300128,275001.3752819206,474.0000000000,0.9898950724,0.9897200000,0.0000104864,0.0000000000,0.0000000000,0,1.0000000000,0.0000000000,0.0000000000,1.0000000000,0.0000000000,0.0000000000,0.0497520566,0.9004337674,0.0498141759,0.9999999942,0.9999999942,0
0,7049542.1251924699,275000.0000000000,476.0000000000,0.9891093334,0.9902600000,0.0000326695,0.0000000000,0.0000000000,0,0.0000000000,0.0000000000,0.0000000000,1.0000000000,0.0000000000,0.0000000000,0.0435898247,0.7812837527,0.1751264226,0.9999999957,0.9999999901,0
1,7053395.8859912204,275001.3033975234,476.0000000000,0.9895553626,0.9899500000,0.0000093966,0.0000000000,0.0000000000,0,1.0000000000,0.0000000000,0.0000000000,1.0000000000,0.0000000000,0.0000000000,0.0485964603,0.9013866020,0.0500169377,0.9999999956,0.9999999956,0
0,7049561.4597789003,275000.0000000000,478.0000000000,0.9893519224,0.9895800000,0.0000365387,0.0000000000,0.0000000000,0,0.0000000000,0.0000000000,0.0000000000,1.0000000000,0.0000000000,0.0000000000,0.0449706436,0.7807767084,0.1742526479,0.9999999948,0.9999999903,0
1,7053376.1700018914,275001.9369344701,478.0000000000,0.9870000627,0.9899500000,0.0000340233,0.0000000000,0.0000000000,0,0.0000000000,0.0000000000,0.0000000000,1.0000000000,0.0000000000,0.0000000000,0.0435789440,0.7811374203,0.1752836357,0.9999999929,0.9999999822,0
0,7049580.7943653306,275000.0000000000,480.0000000000,0.9887979305,0.9900800000,0.0000381688,0.0000000000,0.0000000000,0,0.0000000000,0.0000000000,0.0000000000,1.0000000000,0.0000000000,0.0000000000,0.0407842539,0.7846278694,0.1745878767,0.9999999948,0.9999999948,0
1,7053357.0091950009,275002.7841088207,480.0000000000,0.9883577591,0.9899400000,0.0000356622,0.0000000000,0.0000000000,0,0.0000000000,0.0000000000,0.0000000000,1.0000000000,0.0000000000,0.0000000000,0.0428284416,0.7827992293,0.1743723291,0.9999999947,0.9999999894,0
0,7049600.1289517609,275000.0000000000,482.0000000000,0.9891797862,0.9901000000,0.0000348775,0.0000000000,0.0000000000,0,0.0000000000,0.0000000000,0.0000000000,1.0000000000,0.0000000000,0.0000000000,0.0430953522,0.7830616276,0.1738430202,0.9999999863,0.9999999389,0
1,7053337.8483881103,275003.6312831714,482.0000000000,0.9870790311,0.9900600000,0.0000369627,0.0000000000,0.0000000000,0,0.0000000000,0.0000000000,0.0000000000,1.0000000000,0.0000000000,0.0000000000,0.0421081899,0.7809016001,0.1769902099,0.9999999787,0.9999999787,0
0,7049619.4635381913,275000.0000000000,484.0000000000,0.9903441915,0.9900600000,0.0000391731,0.0000000000,0.0000000000,0,0.0000000000,0.0000000000,0.0000000000,1.0000000000,0.0000000000,0.0000000000,0.0430246751,0.7693842994,0.1875910256,1.0000000000,0.9999999936,0
1,7053318.4998551533,275000.8943185805,484.0000000000,0.9887554867,0.9899500000,0.0000366945,0.0000000000,0.0000000000,0,0.0000000000,0.0000000000,0.0000000000,1.0000000000,0.0000000000,0.0000000000,0.0433315043,0.7690969487,0.1875715470,0.9999999941,0.9999999882,0
0,7049638.7981246216,275000.0000000000,486.0000000000,0.9896870761,0.9900100000,0.0000361329,0.0000000000,0.0000000000,0,0.0000000000,0.0000000000,0.0000000000,1.0000000000,0.0000000000,0.0000000000,0.0432374139,0.7689809111,0.1877816749,0.9999999942,0.9999999858,0
1,7053299.2106401883,275000.9211785883,486.0000000000,0.9880484186,0.9901700000,0.0000386589,0.0000000000,0.0000000000,0,0.0000000000,0.0000000000,0.0000000000,1.0000000000,0.0000000000,0.0000000000,0.0437220972,0.7686949073,0.1875829955,0.9999999823,0.9999999764,0
0,7049658.1327110520,275000.0000000000,488.0000000000,0.9895139953,0.9898200000,0.0000375996,0.0000000000,0.0000000000,0,0.0000000000,0.0000000000,0.0000000000,1.0000000000,0.0000000000,0.0000000000,0.0429388931,0.7694470390,0.1876140679,0.9999999883,0.9999999883,0
1,7053279.9214252234,275000.9480385961,488.0000000000,0.9888569265,0.9901300000,0.0000369031,0.0000000000,0.0000000000,0,0.0000000000,0.0000000000,0.0000000000,1.0000000000,0.0000000000,0.0000000000,0.0416327878,0.7688370964,0.1895301158,0.9999999883,0.9999999798,0
0,7049677.4672974823,275000.0000000000,490.0000000000,0.9895055665,0.9902300000,0.0000361869,0.0000000000,0.0000000000,0,0.0000000000,0.0000000000,0.0000000000,1.0000000000,0.0000000000,0.0000000000,0.0421116526,0.7711637641,0.1867245834,0.9999999775,0.9999999714,0
1,7053258.9047668297,274995.8439553768,490.0000000000,0.9874791359,0.9898000000,0.0000342552,0.0000000000,0.0000000000,0,1.0000000000,0.0000000000,0.0000000000,1.0000000000,0.0000000000,0.0000000000,0.0428655444,0.7827767720,0.1743576835,0.9999999947,0.9999999947,0
0,7049696.8018839126,275000.0000000000,492.0000000000,0.9899662619,0.9898600000,0.0000383528,0.0000000000,0.0000000000,0,0.0000000000,0.0000000000,0.0000000000,1.0000000000,0.0000000000,0.0000000000,0.0440226961,0.7696257790,0.1863515249,0.9999999944,0.9999999883,0
1,7053239.8130408470,274995.5338746036,492.0000000000,0.9875383369,0.9900000000,0.0000356273,0.0000000000,0.0000000000,0,1.0000000000,0.0000000000,0.0000000000,1.0000000000,0.0000000000,0.0000000000,0.0429383940,0.7835821608,0.1734794452,0.9999999895,0.9999999895,0
0,7049716.1364703430,275000.0000000000,494.0000000000,0.9891000059,0.9897200000,0.0000380566,0.0000000000,0.0000000000,0,0.0000000000,0.0000000000,0.0000000000,1.0000000000,0.0000000000,0.0000000000,0.0442959844,0.7701822855,0.1855217301,0.9999999898,0.9999999837,0
1,7053220.7213148642,274995.2237938304,494.0000000000,0.9865578366,0.9896400000,0.0000317158,0.0000000000,0.0000000000,0,1.0000000000,0.0000000000,0.0000000000,1.0000000000,0.0000000000,0.0000000000,0.0435533718,0.7831685003,0.1732781279,0.9999999905,0.9999999905,0
0,7049735.4710567733,275000.0000000000,496.0000000000,0.9891818060,0.9903500000,0.0000367519,0.0000000000,0.0000000000,0,0.0000000000,0.0000000000,0.0000000000,1.0000000000,0.0000000000,0.0000000000,0.0421446885,0.7677748838,0.1900804278,0.9999999686,0.9999999616,0
1,7053202.3740658816,275000.5043825957,496.0000000000,0.9872233394,0.9904100000,0.0000360473,0.0000000000,0.0000000000,0,0.0000000000,0.0000000000,0.0000000000,1.0000000000,0.0000000000,0.0000000000,0.0420370623,0.7686470685,0.1893158692,0.9999999823,0.9999999727,0
0,7049754.8056432037,275000.0000000000,498.0000000000,0.9890711071,0.9897600000,0.0000394689,0.0000000000,0.0000000000,0,0.0000000000,0.0000000000,0.0000000000,1.0000000000,0.0000000000,0.0000000000,0.0406181479,0.7689048656,0.1904769865,0.9999999941,0.9999999576,0
1,7053183.4122920316,275001.4547484574,498.0000000000,0.9876927656,0.9898800000,0.0000372640,0.0000000000,0.0000000000,0,0.0000000000,0.0000000000,0.0000000000,1.0000000000,0.0000000000,0.0000000000,0.0423983967,0.7715949748,0.1860066285,0.9999999974,0.9999998980,0
0,7049774.1402296340,275000.0000000000,500.0000000000,0.9891501150,0.9901300000,0.0000364930,0.0000000000,0.0000000000,0,0.0000000000,0.0000000000,0.0000000000,1.0000000000,0.0000000000,0.0000000000,0.0433656371,0.7687108085,0.1879235544,0.9999999941,0.9999999576,0
1,7053164.4505181815,275002.4051143190,500.0000000000,0.9866861500,0.9900000000,0.0000391917,0.0000000000,0.0000000000,0,0.0000000000,0.0000000000,0.0000000000,1.0000000000,0.0000000000,0.0000000000,0.0440355162,0.7642666956,0.1916977882,0.9999999765,0.9999999765,0
0,7049793.4748160644,275000.0000000000,502.0000000000,0.9901199157,0.9898800000,0.0000401440,0.0000000000,0.0000000000,0,0.0000000000,0.0000000000,0.0000000000,1.0000000000,0.0000000000,0.0000000000,0.0423972204,0.7699619223,0.1876408573,0.9999999845,0.9999999845,0
1,7053142.1534366906,275000.2002785989,502.0000000000,0.9898034383,0.9899800000,0.0000401723,0.0000000000,0.0000000000,0,0.0000000000,0.0000000000,0.0000000000,1.0000000000,0.0000000000,0.0000000000,0.0447773287,0.7685226353,0.1867000360,1.0000000000,1.0000000000,0
0,7049812.8094024947,275000.0000000000,504.0000000000,0.9904609413,0.9901500000,0.0000354069,0.0000000000,0.0000000000,0,0.0000000000,0.0000000000,0.0000000000,1.0000000000,0.0000000000,0.0000000000,0.0415689205,0.7683554711,0.1900756084,0.9999999956,0.9999999892,0
1,7053122.2611030750,275000.4975522955,504.0000000000,0.9903236915,0.9895600000,0.0000373965,0.0000000000,0.0000000000,0,0.0000000000,0.0000000000,0.0000000000,1.0000000000,0.0000000000,0.0000000000,0.0412135628,0.7682886087,0.1904978285,1.0000000000,0.9999999955,0
0,7049832.1439889250,275000.0000000000,506.0000000000,0.9894181892,0.9892200000,0.0000378908,0.0000000000,0.0000000000,0,0.0000000000,0.0000000000,0.0000000000,1.0000000000,0.0000000000,0.0000000000,0.0404168988,0.7708023431,0.1887807580,1.0000000000,1.0000000000,0
1,7053102.3687694594,275000.7948259921,506.0000000000,0.9883101565,0.9901700000,0.0000395777,0.0000000000,0.0000000000,0,0.0000000000,0.0000000000,0.0000000000,1.0000000000,0.0000000000,0.0000000000,0.0418692390,0.7701521912,0.1879785698,0.9999999942,0.9999999883,0
0,7049851.4785753554,275000.0000000000,508.0000000000,0.9891605877,0.9900000000,0.0000373841,0.0000000000,0.0000000000,0,0.0000000000,0.0000000000,0.0000000000,1.0000000000,0.0000000000,0.0000000000,0.0425859946,0.7684318323,0.1889821731,0.9999999888,0.9999999888,0
1,7053087.2677259138,274997.7179004723,508.0000000000,0.9900730166,0.9902300000,0.0000371387,0.0000000000,0.0000000000,0,0.0000000000,0.0000000000,0.0000000000,1.0000000000,0.0000000000,0.0000000000,0.0427473812,0.7691917964,0.1880608224,0.9999999908,0.9999999908,0
0,7049870.8131617857,275000.0000000000,510.0000000000,0.9900292744,0.9897800000,0.0000382183,0.0000000000,0.0000000000,0,0.0000000000,0.0000000000,0.0000000000,1.0000000000,0.0000000000,0.0000000000,0.0406945244,0.7657039173,0.1936015583,1.0000000000,0.9999999942,0
1,7053068.6866400195,274997.4558645155,510.0000000000,0.9898867307,0.9902900000,0.0000386202,0.0000000000,0.0000000000,0,0.0000000000,0.0000000000,0.0000000000,1.0000000000,0.0000000000,0.0000000000,0.0415910586,0.7627122565,0.1956966849,0.9999999967,0.9999999967,0
0,7049890.1477482161,275000.0000000000,512.0000000000,0.9897306482,0.9900400000,0.0000369603,0.0000000000,0.0000000000,0,0.0000000000,0.0000000000,0.0000000000,1.0000000000,0.0000000000,0.0000000000,0.0441633157,0.7622531747,0.1935835095,0.9999999845,0.9999999845,0
1,7053050.1055541253,274997.1938285587,512.0000000000,0.9900588316,0.9903600000,0.0000392400,0.0000000000,0.0000000000,0,0.0000000000,0.0000000000,0.0000000000,1.0000000000,0.0000000000,0.0000000000,0.0424447679,0.7634760679,0.1940791642,0.9999999941,0.9999999882,0
0,7049909.4823346464,275000.0000000000,514.0000000000,0.9888902740,0.9902000000,0.0000558939,0.0000000000,0.0000000000,0,0.0000000000,0.0000000000,0.0000000000,1.0000000000,0.0000000000,0.0000000000,0.0394631238,0.6953991717,0.2651377046,1.0000000000,1.0000000000,0
1,7053027.4321414139,274996.6906283876,514.0000000000,0.9889869356,0.9898900000,0.0000503804,0.0000000000,0.0000000000,0,0.0000000000,0.0000000000,0.0000000000,1.0000000000,0.0000000000,0.0000000000,0.0376036676,0.7027298093,0.2596665232,1.0000000000,1.0000000000,0
0,7049928.8169210767,275000.0000000000,516.0000000000,0.9892895609,0.9903900000,0.0000531462,0.0000000000,0.0000000000,0,0.0000000000,0.0000000000,0.0000000000,1.0000000000,0.0000000000,0.0000000000,0.0380094680,0.7026835310,0.2593070010,1.0000000000,0.9999999972,0
1,7053008.7662596423,274996.2149724386,516.0000000000,0.9898786012,0.9897500000,0.0000515194,0.0000000000,0.0000000000,0,0.0000000000,0.0000000000,0.0000000000,1.0000000000,0.0000000000,0.0000000000,0.0376791977,0.7014268305,0.2608939718,1.0000000000,0.9999999920,0
0,7049948.1515075071,275000.0000000000,518.0000000000,0.9887470732,0.9896900000,0.0000492131,0.0000000000,0.0000000000,0,0.0000000000,0.0000000000,0.0000000000,1.0000000000,0.0000000000,0.0000000000,0.0400932046,0.6997754443,0.2601313511,0.9999999921,0.9999999888,0
1,7052990.1003778707,274995.7393164896,518.0000000000,0.9891932507,0.9903000000,0.0000501683,0.0000000000,0.0000000000,0,0.0000000000,0.0000000000,0.0000000000,1.0000000000,0.0000000000,0.0000000000,0.0377824003,0.7013739527,0.2608436471,1.0000000000,1.0000000000,0
0,7049967.4860939374,275000.0000000000,520.0000000000,0.9895101392,0.9903200000,0.0000542128,0.0000000000,0.0000000000,0,0.0000000000,0.0000000000,0.0000000000,1.0000000000,0.0000000000,0.0000000000,0.0401299010,0.7000901224,0.2597799767,1.0000000000,1.0000000000,0
1,7052971.5057446770,274998.6018071066,520.0000000000,0.9889409749,0.9898400000,0.0000520089,0.0000000000,0.0000000000,0,0.0000000000,0.0000000000,0.0000000000,1.0000000000,0.0000000000,0.0000000000,0.0394081731,0.7008153265,0.2597765004,1.0000000000,1.0000000000,0
0,7049986.8206803678,275000.0000000000,522.0000000000,0.9893908372,0.9900400000,0.0000544575,0.0000000000,0.0000000000,0,0.0000000000,0.0000000000,0.0000000000,1.0000000000,0.0000000000,0.0000000000,0.0382000410,0.7016682736,0.2601316855,1.0000000000,0.9999999921,0
1,7052952.1739054061,274998.5917980851,522.0000000000,0.9901714294,0.9898600000,0.0000498921,0.0000000000,0.0000000000,0,0.0000000000,0.0000000000,0.0000000000,1.0000000000,0.0000000000,0.0000000000,0.0375888408,0.7005621976,0.2618489615,0.9999999841,0.9999999841,0
0,7050006.1552667981,275000.0000000000,524.0000000000,0.9896906196,0.9901900000,0.0000537464,0.0000000000,0.0000000000,0,0.0000000000,0.0000000000,0.0000000000,1.0000000000,0.0000000000,0.0000000000,0.0407936388,0.6946431546,0.2645632066,1.0000000000,0.9999999964,0
1,7052932.8420661353,274998.5817890636,524.0000000000,0.9900733033,0.9897100000,0.0000539978,0.0000000000,0.0000000000,0,0.0000000000,0.0000000000,0.0000000000,1.0000000000,0.0000000000,0.0000000000,0.0380048858,0.7051616636,0.2568334506,1.0000000000,0.9999999877,0
0,7050025.4898532284,275000.0000000000,526.0000000000,0.9897810611,0.9898800000,0.0000526116,0.0000000000,0.0000000000,0,0.0000000000,0.0000000000,0.0000000000,1.0000000000,0.0000000000,0.0000000000,0.0394892377,0.6957486521,0.2647621101,0.9999999916,0.9999999892,0
1,7052913.6871382371,275003.0753093938,526.0000000000,0.9901686043,0.9898600000,0.0000537967,0.0000000000,0.0000000000,0,0.0000000000,0.0000000000,0.0000000000,1.0000000000,0.0000000000,0.0000000000,0.0390533044,0.6966163602,0.2643303354,1.0000000000,1.0000000000,0
0,7050044.8244396588,275000.0000000000,528.0000000000,0.9897441565,0.9900700000,0.0000540683,0.0000000000,0.0000000000,0,0.0000000000,0.0000000000,0.0000000000,1.0000000000,0.0000000000,0.0000000000,0.0382701146,0.6953401299,0.2663897554,1.0000000000,1.0000000000,0
1,7052894.2171265334,275003.8282512760,528.0000000000,0.9897799676,0.9899700000,0.0000563090,0.0000000000,0.0000000000,0,0.0000000000,0.0000000000,0.0000000000,1.0000000000,0.0000000000,0.0000000000,0.0395563469,0.6940202841,0.2664233690,1.0000000000,1.0000000000,0
0,7050064.1590260891,275000.0000000000,530.0000000000,0.9888715484,0.9901000000,0.0000556639,0.0000000000,0.0000000000,0,0.0000000000,0.0000000000,0.0000000000,1.0000000000,0.0000000000,0.0000000000,0.0365786720,0.6972194398,0.2662018882,1.0000000000,1.0000000000,0
1,7052874.7471148297,275004.5811931583,530.0000000000,0.9890314273,0.9896700000,0.0000528369,0.0000000000,0.0000000000,0,0.0000000000,0.0000000000,0.0000000000,1.0000000000,0.0000000000,0.0000000000,0.0388612620,0.6946255907,0.2665131473,1.0000000000,1.0000000000,0
0,7050083.4936125195,275000.0000000000,532.0000000000,0.9899812179,0.9897600000,0.0000663427,0.0000000000,0.0000000000,0,0.0000000000,0.0000000000,0.0000000000,1.0000000000,0.0000000000,0.0000000000,0.0337350118,0.6417061102,0.3245588780,1.0000000000,0.9999999875,0
1,7052854.3289773967,275001.3183778636,532.0000000000,0.9888821767,0.9896900000,0.0000670264,0.0000000000,0.0000000000,0,0.0000000000,0.0000000000,0.0000000000,1.0000000000,0.0000000000,0.0000000000,0.0367253392,0.6375251104,0.3257495505,0.9999999887,0.9999999863,0
0,7050102.8281989498,275000.0000000000,534.0000000000,0.9904416992,0.9900900000,0.0000636356,0.0000000000,0.0000000000,0,0.0000000000,0.0000000000,0.0000000000,1.0000000000,0.0000000000,0.0000000000,0.0354674851,0.6454053182,0.3191271967,0.9999999887,0.9999999887,0
1,7052834.6148059759,275001.3341137634,534.0000000000,0.9894754660,0.9900200000,0.0000635931,0.0000000000,0.0000000000,0,0.0000000000,0.0000000000,0.0000000000,1.0000000000,0.0000000000,0.0000000000,0.0346919748,0.6491327023,0.3161753229,1.0000000000,1.0000000000,0
0,7050122.1627853801,275000.0000000000,536.0000000000,0.9895635737,0.9902900000,0.0000676675,0.0000000000,0.0000000000,0,0.0000000000,0.0000000000,0.0000000000,1.0000000000,0.0000000000,0.0000000000,0.0359178532,0.6471197923,0.3169623546,1.0000000000,1.0000000000,0
1,7052814.9006345551,275001.3498496632,536.0000000000,0.9897741970,0.9904000000,0.0000610822,0.0000000000,0.0000000000,0,0.0000000000,0.0000000000,0.0000000000,1.0000000000,0.0000000000,0.0000000000,0.0327420677,0.6473021005,0.3199558318,1.0000000000,0.9999999975,0
0,7050141.4973718105,275000.0000000000,538.0000000000,0.9888573477,0.9902100000,0.0000705820,0.0000000000,0.0000000000,0,0.0000000000,0.0000000000,0.0000000000,1.0000000000,0.0000000000,0.0000000000,0.0335782803,0.6464187240,0.3200029957,1.0000000000,1.0000000000,0
1,7052798.5568717392,275001.1009607497,538.0000000000,0.9894657370,0.9896600000,0.0000602890,0.0000000000,0.0000000000,0,0.0000000000,0.0000000000,0.0000000000,1.0000000000,0.0000000000,0.0000000000,0.0334972551,0.6525879716,0.3139147733,1.0000000000,0.9999999886,0
0,7050160.8319582408,275000.0000000000,540.0000000000,0.9895240614,0.9899500000,0.0000672064,0.0000000000,0.0000000000,0,0.0000000000,0.0000000000,0.0000000000,1.0000000000,0.0000000000,0.0000000000,0.0371537619,0.6446787233,0.3181675148,1.0000000000,0.9999999981,0
1,7052780.9855390796,275001.4585031055,540.0000000000,0.9887026466,0.9900600000,0.0000645645,0.0000000000,0.0000000000,0,0.0000000000,0.0000000000,0.0000000000,1.0000000000,0.0000000000,0.0000000000,0.0372250645,0.6444446428,0.3183302927,1.0000000000,1.0000000000,0
0,7050180.1665446712,275000.0000000000,542.0000000000,0.9896324275,0.9908800000,0.0000622655,0.0000000000,0.0000000000,0,0.0000000000,0.0000000000,0.0000000000,1.0000000000,0.0000000000,0.0000000000,0.0339323499,0.6438573923,0.3222102578,1.0000000000,1.0000000000,0
1,7052763.4142064201,275001.8160454613,542.0000000000,0.9886233217,0.9905200000,0.0000700919,0.0000000000,0.0000000000,0,0.0000000000,0.0000000000,0.0000000000,1.0000000000,0.0000000000,0.0000000000,0.0377251568,0.6461775239,0.3160973193,1.0000000000,1.0000000000,0
0,7050199.5011311015,275000.0000000000,544.0000000000,0.9891321028,0.9894600000,0.0001117693,0.0000000000,0.0000000000,0,0.0000000000,0.0000000000,0.0000000000,1.0000000000,0.0000000000,0.0000000000,0.0238957671,0.4551823070,0.5209219260,1.0000000000,1.0000000000,0
1,7052746.2275045235,275004.1212699158,544.0000000000,0.9895182746,0.9903100000,0.0001007061,0.0000000000,0.0000000000,0,0.0000000000,0.0000000000,0.0000000000,1.0000000000,0.0000000000,0.0000000000,0.0247887778,0.4589759814,0.5162352407,1.0000000000,0.9999999963,0
0,7050218.8357175319,275000.0000000000,546.0000000000,0.9894198969,0.9900700000,0.0001055396,0.0000000000,0.0000000000,0,0.0000000000,0.0000000000,0.0000000000,1.0000000000,0.0000000000,0.0000000000,0.0266558994,0.4528084888,0.5205356118,1.0000000000,0.9999999655,0
1,7052727.2453742530,275004.2257317845,546.0000000000,0.9897469671,0.9897400000,0.0000975365,0.0000000000,0.0000000000,0,0.0000000000,0.0000000000,0.0000000000,1.0000000000,0.0000000000,0.0000000000,0.0220921457,0.4579939709,0.5199138834,1.0000000000,1.0000000000,0
0,7050238.1703039622,275000.0000000000,548.0000000000,0.9903150074,0.9896900000,0.0001025423,0.0000000000,0.0000000000,0,0.0000000000,0.0000000000,0.0000000000,1.0000000000,0.0000000000,0.0000000000,0.0260769332,0.4549439121,0.5189791547,0.9999999855,0.9999999801,0
1,7052708.2632439826,275004.3301936533,548.0000000000,0.9895575382,0.9892900000,0.0000973579,0.0000000000,0.0000000000,0,0.0000000000,0.0000000000,0.0000000000,1.0000000000,0.0000000000,0.0000000000,0.0253642086,0.4673321381,0.5073036533,1.0000000000,1.0000000000,0
0,7050257.5048903925,275000.0000000000,550.0000000000,0.9880885010,0.9907900000,0.0001002190,0.0000000000,0.0000000000,0,0.0000000000,0.0000000000,0.0000000000,1.0000000000,0.0000000000,0.0000000000,0.0235691859,0.4522841514,0.5241466626,1.0000000000,1.0000000000,0
1,7052688.5057753092,275004.7615644878,550.0000000000,0.9883086494,0.9900500000,0.0001022156,0.0000000000,0.0000000000,0,0.0000000000,0.0000000000,0.0000000000,1.0000000000,0.0000000000,0.0000000000,0.0229192570,0.4579578744,0.5191228686,0.9999999815,0.9999999783,0
0,7050276.8394768229,275000.0000000000,552.0000000000,0.9880632600,0.9902300000,0.0001048600,0.0000000000,0.0000000000,0,0.0000000000,0.0000000000,0.0000000000,1.0000000000,0.0000000000,0.0000000000,0.0233471926,0.4606098778,0.5160429297,1.0000000000,0.9999999937,0
1,7052669.3260386167,275005.5254400179,552.0000000000,0.9874018664,0.9897700000,0.0001020591,0.0000000000,0.0000000000,0,0.0000000000,0.0000000000,0.0000000000,1.0000000000,0.0000000000,0.0000000000,0.0259956960,0.4533071635,0.5206971405,1.0000000000,1.0000000000,0
0,7050296.1740632532,275000.0000000000,554.0000000000,0.9877627486,0.9902000000,0.0000972981,0.0000000000,0.0000000000,0,0.0000000000,0.0000000000,0.0000000000,1.0000000000,0.0000000000,0.0000000000,0.0271340326,0.4581251182,0.5147408492,1.0000000000,0.9999999960,0
1,7052650.1463019243,275006.2893155480,554.0000000000,0.9883143770,0.9901300000,0.0001030732,0.0000000000,0.0000000000,0,0.0000000000,0.0000000000,0.0000000000,1.0000000000,0.0000000000,0.0000000000,0.0264592784,0.4545026034,0.5190381182,0.9999999902,0.9999999865,0
0,7050315.5086496836,275000.0000000000,556.0000000000,0.9894509451,0.9897900000,0.0001070963,0.0000000000,0.0000000000,0,0.0000000000,0.0000000000,0.0000000000,1.0000000000,0.0000000000,0.0000000000,0.0262983737,0.4541655937,0.5195360327,0.9999999810,0.9999999810,0
1,7052627.6080738166,275001.0120624745,556.0000000000,0.9893673600,0.9899800000,0.0000965197,0.0000000000,0.0000000000,0,0.0000000000,0.0000000000,0.0000000000,1.0000000000,0.0000000000,0.0000000000,0.0259489355,0.4839110202,0.4901400444,1.0000000000,1.0000000000,0
0,7050334.8432361139,275000.0000000000,558.0000000000,0.9890575957,0.9902400000,0.0001173672,0.0000000000,0.0000000000,0,0.0000000000,0.0000000000,0.0000000000,1.0000000000,0.0000000000,0.0000000000,0.0219268739,0.3692193693,0.6088537568,0.9999999986,0.9999999986,0
1,7052607.9676072830,275000.8175883883,558.0000000000,0.9892570502,0.9899600000,0.0001140373,0.0000000000,0.0000000000,0,0.0000000000,0.0000000000,0.0000000000,1.0000000000,0.0000000000,0.0000000000,0.0197258785,0.3857072377,0.5945668839,1.0000000000,1.0000000000,0
0,7050354.1778225442,275000.0000000000,560.0000000000,0.9892123348,0.9902200000,0.0001285967,0.0000000000,0.0000000000,0,0.0000000000,0.0000000000,0.0000000000,1.0000000000,0.0000000000,0.0000000000,0.0207873786,0.3696313888,0.6095812326,1.0000000000,0.9999999977,0
1,7052588.3271407494,275000.6231143022,560.0000000000,0.9899590067,0.9902300000,0.0001091970,0.0000000000,0.0000000000,0,0.0000000000,0.0000000000,0.0000000000,1.0000000000,0.0000000000,0.0000000000,0.0220219776,0.3828154473,0.5951625750,1.0000000000,1.0000000000,0
0,7050373.5124089746,275000.0000000000,562.0000000000,0.9901381996,0.9905500000,0.0001151907,0.0000000000,0.0000000000,0,0.0000000000,0.0000000000,0.0000000000,1.0000000000,0.0000000000,0.0000000000,0.0182759316,0.3713688470,0.6103552214,1.0000000000,1.0000000000,0
1,7052564.9391667806,274998.7152098322,562.0000000000,0.9889239966,0.9897300000,0.0001260217,0.0000000000,0.0000000000,0,0.0000000000,0.0000000000,0.0000000000,1.0000000000,0.0000000000,0.0000000000,0.0230541272,0.3897962992,0.5871495736,1.0000000000,1.0000000000,0
0,7050392.8469954049,275000.0000000000,564.0000000000,0.9900979080,0.9896700000,0.0001205718,0.0000000000,0.0000000000,0,0.0000000000,0.0000000000,0.0000000000,1.0000000000,0.0000000000,0.0000000000,0.0204861505,0.3715298309,0.6079840186,1.0000000000,0.9999999748,0
1,7052545.1767703593,274998.5643591853,564.0000000000,0.9894282583,0.9900500000,0.0001111107,0.0000000000,0.0000000000,0,0.0000000000,0.0000000000,0.0000000000,1.0000000000,0.0000000000,0.0000000000,0.0219023705,0.3908680347,0.5872295948,1.0000000000,1.0000000000,0
0,7050412.1815818353,275000.0000000000,566.0000000000,0.9895682585,0.9895600000,0.0001225413,0.0000000000,0.0000000000,0,0.0000000000,0.0000000000,0.0000000000,1.0000000000,0.0000000000,0.0000000000,0.0226090710,0.3751129635,0.6022779656,1.0000000000,1.0000000000,0
1,7052525.4143739380,274998.4135085384,566.0000000000,0.9885880127,0.9901100000,0.0001192006,0.0000000000,0.0000000000,0,0.0000000000,0.0000000000,0.0000000000,1.0000000000,0.0000000000,0.0000000000,0.0210525745,0.3872637258,0.5916836997,1.0000000000,1.0000000000,0
0,7050431.5161682656,275000.0000000000,568.0000000000,0.9884065840,0.9902300000,0.0001203075,0.0000000000,0.0000000000,0,0.0000000000,0.0000000000,0.0000000000,1.0000000000,0.0000000000,0.0000000000,0.0233645029,0.3730425283,0.6035929687,1.0000000000,0.9999999966,0
1,7052503.7655465193,274999.4971730340,568.0000000000,0.9887767342,0.9904100000,0.0001120170,0.0000000000,0.0000000000,0,0.0000000000,0.0000000000,0.0000000000,1.0000000000,0.0000000000,0.0000000000,0.0230052421,0.3759849794,0.6010097785,0.9999999777,0.9999999777,0
0,7050450.8507546959,275000.0000000000,570.0000000000,0.9883775653,0.9905700000,0.0001297168,0.0000000000,0.0000000000,0,0.0000000000,0.0000000000,0.0000000000,1.0000000000,0.0000000000,0.0000000000,0.0216723555,0.3660202677,0.6123073767,0.9999999777,0.9999999722,0
1,7052483.7310510203,275000.5730008370,570.0000000000,0.9888309543,0.9903100000,0.0001235655,0.0000000000,0.0000000000,0,0.0000000000,0.0000000000,0.0000000000,1.0000000000,0.0000000000,0.0000000000,0.0232501142,0.3686831688,0.6080667169,1.0000000000,0.9999999887,0
0,7050470.1853411263,275000.0000000000,572.0000000000,0.9887898849,0.9903000000,0.0001155592,0.0000000000,0.0000000000,0,0.0000000000,0.0000000000,0.0000000000,1.0000000000,0.0000000000,0.0000000000,0.0213864175,0.3619356091,0.6166779734,0.9999999731,0.9999999717,0
1,7052467.0279835491,275000.3664504013,572.0000000000,0.9889473403,0.9899100000,0.0001184195,0.0000000000,0.0000000000,0,0.0000000000,0.0000000000,0.0000000000,1.0000000000,0.0000000000,0.0000000000,0.0210770110,0.3779709906,0.6009519984,0.9999999780,0.9999999780,0
0,7050489.5199275566,275000.0000000000,574.0000000000,0.9903139123,0.9895900000,0.0001236172,0.0000000000,0.0000000000,0,0.0000000000,0.0000000000,0.0000000000,1.0000000000,0.0000000000,0.0000000000,0.0189059447,0.3736087111,0.6074853442,1.0000000000,1.0000000000,0
1,7052446.5033905571,275001.0559553973,574.0000000000,0.9893383758,0.9903800000,0.0001264025,0.0000000000,0.0000000000,0,0.0000000000,0.0000000000,0.0000000000,1.0000000000,0.0000000000,0.0000000000,0.0208641312,0.3790504832,0.6000853856,1.0000000000,0.9999999975,0
0,7050508.8545139870,275000.0000000000,576.0000000000,0.9897839307,0.9898900000,0.0001532180,0.0000000000,0.0000000000,0,0.0000000000,0.0000000000,0.0000000000,1.0000000000,0.0000000000,0.0000000000,0.0092563240,0.1759551855,0.8147884905,1.0000000000,1.0000000000,0
1,7052427.6878702603,275004.0808426068,576.0000000000,0.9880036401,0.9896200000,0.0001661035,0.0000000000,0.0000000000,0,0.0000000000,0.0000000000,0.0000000000,1.0000000000,0.0000000000,0.0000000000,0.0089798184,0.1735844400,0.8174357416,1.0000000000,1.0000000000,0
0,7050528.1891004173,275000.0000000000,578.0000000000,0.9900700069,0.9904200000,0.0001198610,0.0000000000,0.0000000000,0,0.0000000000,0.0000000000,0.0000000000,1.0000000000,0.0000000000,0.0000000000,0.0229823592,0.3630328516,0.6139847892,1.0000000000,1.0000000000,0
1,7052412.9378449051,275002.2648878298,578.0000000000,0.9883690385,0.9898900000,0.0001128687,0.0000000000,0.0000000000,0,0.0000000000,0.0000000000,0.0000000000,1.0000000000,0.0000000000,0.0000000000,0.0228960278,0.3837205147,0.5933834575,1.0000000000,0.9999999943,0
0,7050547.5236868476,275000.0000000000,580.0000000000,0.9885183712,0.9901700000,0.0001485854,0.0000000000,0.0000000000,0,0.0000000000,0.0000000000,0.0000000000,1.0000000000,0.0000000000,0.0000000000,0.0094731447,0.1828773496,0.8076495057,1.0000000000,0.9999999970,0
1,7052390.2162549160,275000.3140078862,580.0000000000,0.9884768726,0.9898300000,0.0001006157,0.0000000000,0.0000000000,0,1.0000000000,0.0000000000,0.0000000000,1.0000000000,0.0000000000,0.0000000000,0.0264443765,0.4820332718,0.4915223517,1.0000000000,1.0000000000,0
0,7050566.8582732780,275000.0000000000,582.0000000000,0.9885301346,0.9900700000,0.0001607207,0.0000000000,0.0000000000,0,0.0000000000,0.0000000000,0.0000000000,1.0000000000,0.0000000000,0.0000000000,0.0115211760,0.1891828918,0.7992959321,1.0000000000,1.0000000000,0
1,7052371.3872413253,274999.3890207651,582.0000000000,0.9893848138,0.9901100000,0.0000975528,0.0000000000,0.0000000000,0,1.0000000000,0.0000000000,0.0000000000,1.0000000000,0.0000000000,0.0000000000,0.0285649559,0.4733521590,0.4980828851,1.0000000000,1.0000000000,0
0,7050586.1928597083,275000.0000000000,584.0000000000,0.9883311334,0.9904200000,0.0001639222,0.0000000000,0.0000000000,0,0.0000000000,0.0000000000,0.0000000000,1.0000000000,0.0000000000,0.0000000000,0.0092257907,0.2046600533,0.7861141560,1.0000000000,0.9999999917,0
1,7052353.6947004879,274994.9279909810,584.0000000000,0.9897791219,0.9897000000,0.0001063712,0.0000000000,0.0000000000,0,1.0000000000,0.0000000000,0.0000000000,1.0000000000,0.0000000000,0.0000000000,0.0262354593,0.4749764017,0.4987881390,1.0000000000,0.9999999299,0
0,7050605.5274461387,275000.0000000000,586.0000000000,0.9886617154,0.9902400000,0.0001602628,0.0000000000,0.0000000000,0,0.0000000000,0.0000000000,0.0000000000,1.0000000000,0.0000000000,0.0000000000,0.0088940854,0.1989917416,0.7921141730,1.0000000000,0.9999999942,0
1,7052333.3722396297,274996.8644235795,586.0000000000,0.9882185610,0.9903700000,0.0000942187,0.0000000000,0.0000000000,0,1.0000000000,0.0000000000,0.0000000000,1.0000000000,0.0000000000,0.0000000000,0.0279778299,0.4756389149,0.4963832552,0.9999999948,0.9999999895,0
0,7050624.8620325690,275000.0000000000,588.0000000000,0.9883974939,0.9897700000,0.0001626503,0.0000000000,0.0000000000,0,0.0000000000,0.0000000000,0.0000000000,1.0000000000,0.0000000000,0.0000000000,0.0129087616,0.1896028157,0.7974884228,1.0000000000,1.0000000000,0
1,7052313.7785071991,274995.3265115093,588.0000000000,0.9879695405,0.9901600000,0.0000934607,0.0000000000,0.0000000000,0,1.0000000000,0.0000000000,0.0000000000,1.0000000000,0.0000000000,0.0000000000,0.0265023915,0.4767734270,0.4967241816,1.0000000000,1.0000000000,0
0,7050644.1966189994,275000.0000000000,590.0000000000,0.9881190104,0.9898900000,0.0001519830,0.0000000000,0.0000000000,0,0.0000000000,0.0000000000,0.0000000000,1.0000000000,0.0000000000,0.0000000000,0.0116800460,0.2012755611,0.7870443929,1.0000000000,0.9999999919,0
1,7052293.3952103630,274995.1906432821,590.0000000000,0.9892552367,0.9902000000,0.0000962491,0.0000000000,0.0000000000,0,1.0000000000,0.0000000000,0.0000000000,1.0000000000,0.0000000000,0.0000000000,0.0278562246,0.4735404940,0.4986032814,1.0000000000,1.0000000000,0
0,7050663.5312054297,275000.0000000000,592.0000000000,0.9888312440,0.9896500000,0.0001551759,0.0000000000,0.0000000000,0,0.0000000000,0.0000000000,0.0000000000,1.0000000000,0.0000000000,0.0000000000,0.0104815260,0.1866276958,0.8028907783,1.0000000000,1.0000000000,0
1,7052273.7462939210,274997.5542543289,592.0000000000,0.9883329457,0.9895500000,0.0001571559,0.0000000000,0.0000000000,0,0.0000000000,0.0000000000,0.0000000000,1.0000000000,0.0000000000,0.0000000000,0.0099894901,0.1798591117,0.8101513982,1.0000000000,1.0000000000,0
0,7050682.8657918600,275000.0000000000,594.0000000000,0.9901458524,0.9900500000,0.0001692539,0.0000000000,0.0000000000,0,0.0000000000,0.0000000000,0.0000000000,1.0000000000,0.0000000000,0.0000000000,0.0085299321,0.1495550862,0.8419149817,1.0000000000,1.0000000000,0
1,7052254.0897196215,274998.8923500895,594.0000000000,0.9894417473,0.9898900000,0.0001527544,0.0000000000,0.0000000000,0,0.0000000000,0.0000000000,0.0000000000,1.0000000000,0.0000000000,0.0000000000,0.0080889170,0.1458858527,0.8460252303,1.0000000000,0.9999999965,0
0,7050702.2003782904,275000.0000000000,596.0000000000,0.9898781403,0.9898500000,0.0001632298,0.0000000000,0.0000000000,0,0.0000000000,0.0000000000,0.0000000000,1.0000000000,0.0000000000,0.0000000000,0.0106786217,0.1587046876,0.8306166907,1.0000000000,1.0000000000,0
1,7052237.2965937778,274998.0488682291,596.0000000000,0.9885893166,0.9901100000,0.0001716197,0.0000000000,0.0000000000,0,0.0000000000,0.0000000000,0.0000000000,1.0000000000,0.0000000000,0.0000000000,0.0101394135,0.1426987526,0.8471618339,1.0000000000,1.0000000000,0
0,7050721.5349647207,275000.0000000000,598.0000000000,0.9888584663,0.9900200000,0.0001649371,0.0000000000,0.0000000000,0,0.0000000000,0.0000000000,0.0000000000,1.0000000000,0.0000000000,0.0000000000,0.0069487312,0.1567482948,0.8363029740,1.0000000000,0.9999999987,0
1,7052220.8475843631,274998.7531787914,598.0000000000,0.9894047561,0.9905700000,0.0001547902,0.0000000000,0.0000000000,0,0.0000000000,0.0000000000,0.0000000000,1.0000000000,0.0000000000,0.0000000000,0.0074723289,0.1447622837,0.8477653874,1.0000000000,0.9999999950,0
0,7050740.8695511511,275000.0000000000,600.0000000000,0.9885077673,0.9903200000,0.0001625852,0.0000000000,0.0000000000,0,0.0000000000,0.0000000000,0.0000000000,1.0000000000,0.0000000000,0.0000000000,0.0087468168,0.1472077424,0.8440454408,1.0000000000,0.9999999939,0
1,7052201.9942350183,274998.8776746312,600.0000000000,0.9899984239,0.9906100000,0.0001713727,0.0000000000,0.0000000000,0,0.0000000000,0.0000000000,0.0000000000,1.0000000000,0.0000000000,0.0000000000,0.0086582831,0.1351163744,0.8562253425,1.0000000000,0.9999999950,0
0,7050760.2041375814,275000.0000000000,602.0000000000,0.9889999450,0.9899700000,0.0001624300,0.0000000000,0.0000000000,0,0.0000000000,0.0000000000,0.0000000000,1.0000000000,0.0000000000,0.0000000000,0.0097162063,0.1429338072,0.8473499865,1.0000000000,0.9999999956,0
1,7052184.8272248171,274998.9275868036,602.0000000000,0.9893374719,0.9899900000,0.0001853640,0.0000000000,0.0000000000,0,0.0000000000,0.0000000000,0.0000000000,1.0000000000,0.0000000000,0.0000000000,0.0058894417,0.1386541899,0.8554563684,1.0000000000,0.9999999879,0
0,7050779.5387240117,275000.0000000000,604.0000000000,0.9888764907,0.9900900000,0.0001617262,0.0000000000,0.0000000000,0,0.0000000000,0.0000000000,0.0000000000,1.0000000000,0.0000000000,0.0000000000,0.0089534397,0.1510881425,0.8399584178,1.0000000000,0.9999999900,0
1,7052162.7046375256,274998.6915528469,604.0000000000,0.9898693317,0.9904500000,0.0001812243,0.0000000000,0.0000000000,0,0.0000000000,0.0000000000,0.0000000000,1.0000000000,0.0000000000,0.0000000000,0.0101671013,0.1474151581,0.8424177407,1.0000000000,1.0000000000,0
0,7050798.8733104421,275000.0000000000,606.0000000000,0.9898434884,0.9900100000,0.0001622803,0.0000000000,0.0000000000,0,0.0000000000,0.0000000000,0.0000000000,1.0000000000,0.0000000000,0.0000000000,0.0059425755,0.1550780159,0.8389794086,1.0000000000,1.0000000000,0
1,7052143.0627724947,274998.7385228662,606.0000000000,0.9898495481,0.9902200000,0.0001768574,0.0000000000,0.0000000000,0,0.0000000000,0.0000000000,0.0000000000,1.0000000000,0.0000000000,0.0000000000,0.0096442687,0.1400150663,0.8503406649,1.0000000000,0.9999999918,0
0,7050818.2078968724,275000.0000000000,608.0000000000,0.9889304346,0.9900500000,0.0001887372,0.0000000000,0.0000000000,0,0.0000000000,0.0000000000,0.0000000000,1.0000000000,0.0000000000,0.0000000000,0.0058248182,0.0773287318,0.9168464500,1.0000000000,1.0000000000,0
1,7052121.9915633192,274999.3747868045,608.0000000000,0.9893513973,0.9900000000,0.0001943545,0.0000000000,0.0000000000,0,0.0000000000,0.0000000000,0.0000000000,1.0000000000,0.0000000000,0.0000000000,0.0036916276,0.0470893758,0.9492189965,1.0000000000,1.0000000000,0
0,7050837.5424833028,275000.0000000000,610.0000000000,0.9895411532,0.9902500000,0.0001742093,0.0000000000,0.0000000000,0,0.0000000000,0.0000000000,0.0000000000,1.0000000000,0.0000000000,0.0000000000,0.0054853452,0.0822173424,0.9122973125,1.0000000000,1.0000000000,0
1,7052102.7329698084,274999.3375772165,610.0000000000,0.9891368160,0.9899500000,0.0001954272,0.0000000000,0.0000000000,0,0.0000000000,0.0000000000,0.0000000000,1.0000000000,0.0000000000,0.0000000000,0.0046282024,0.0587774399,0.9365943576,1.0000000000,1.0000000000,0
0,7050856.8770697331,275000.0000000000,612.0000000000,0.9891773085,0.9898900000,0.0001810261,0.0000000000,0.0000000000,0,0.0000000000,0.0000000000,0.0000000000,1.0000000000,0.0000000000,0.0000000000,0.0024747789,0.0567094467,0.9408157744,1.0000000000,0.9999999945,0
1,7052082.2308632284,275000.4968356342,612.0000000000,0.9895921318,0.9900200000,0.0001920315,0.0000000000,0.0000000000,0,0.0000000000,0.0000000000,0.0000000000,1.0000000000,0.0000000000,0.0000000000,0.0028325159,0.0526564906,0.9445109934,1.0000000000,1.0000000000,0
0,7050876.2116561634,275000.0000000000,614.0000000000,0.9895721227,0.9901300000,0.0001890652,0.0000000000,0.0000000000,0,0.0000000000,0.0000000000,0.0000000000,1.0000000000,0.0000000000,0.0000000000,0.0038638016,0.0710689717,0.9250672267,1.0000000000,1.0000000000,0
1,7052063.2748271860,274999.4280379049,614.0000000000,0.9891357163,0.9899000000,0.0001868802,0.0000000000,0.0000000000,0,0.0000000000,0.0000000000,0.0000000000,1.0000000000,0.0000000000,0.0000000000,0.0042802489,0.0614038491,0.9343159019,1.0000000000,0.9999999941,0
0,7050895.5462425938,275000.0000000000,616.0000000000,0.9898666907,0.9903300000,0.0001934830,0.0000000000,0.0000000000,0,0.0000000000,0.0000000000,0.0000000000,1.0000000000,0.0000000000,0.0000000000,0.0018418814,0.0426746955,0.9554834231,1.0000000000,1.0000000000,0
1,7052042.7897725338,274999.0802518081,616.0000000000,0.9893611268,0.9899500000,0.0001910085,0.0000000000,0.0000000000,0,0.0000000000,0.0000000000,0.0000000000,1.0000000000,0.0000000000,0.0000000000,0.0021844130,0.0324595182,0.9653560687,1.0000000000,0.9999999915,0
0,7050914.8808290241,275000.0000000000,618.0000000000,0.9890820395,0.9897300000,0.0001899513,0.0000000000,0.0000000000,0,0.0000000000,0.0000000000,0.0000000000,1.0000000000,0.0000000000,0.0000000000,0.0035191417,0.0432133911,0.9532674672,1.0000000000,0.9999999962,0
1,7052025.5425915513,274997.2599690562,618.0000000000,0.9893580484,0.9905900000,0.0001808003,0.0000000000,0.0000000000,0,0.0000000000,0.0000000000,0.0000000000,1.0000000000,0.0000000000,0.0000000000,0.0026940323,0.0346754012,0.9626305665,1.0000000000,1.0000000000,0
0,7050934.2154154545,275000.0000000000,620.0000000000,0.9902191293,0.9902200000,0.0001884479,0.0000000000,0.0000000000,0,0.0000000000,0.0000000000,0.0000000000,1.0000000000,0.0000000000,0.0000000000,0.0025946954,0.0397928449,0.9576124596,1.0000000000,0.9999999962,0
1,7052007.4768844461,274997.4530781565,620.0000000000,0.9906943269,0.9897100000,0.0002027781,0.0000000000,0.0000000000,0,0.0000000000,0.0000000000,0.0000000000,1.0000000000,0.0000000000,0.0000000000,0.0021034376,0.0311407209,0.9667558415,1.0000000000,1.0000000000,0
0,7050953.5500018848,275000.0000000000,622.0000000000,0.9902171689,0.9897500000,0.0001861075,0.0000000000,0.0000000000,0,0.0000000000,0.0000000000,0.0000000000,1.0000000000,0.0000000000,0.0000000000,0.0011734863,0.0426181350,0.9562083786,1.0000000000,1.0000000000,0
1,7051984.8149258504,274997.5445916842,622.0000000000,0.9890534000,0.9901400000,0.0001944801,0.0000000000,0.0000000000,0,0.0000000000,0.0000000000,0.0000000000,1.0000000000,0.0000000000,0.0000000000,0.0017789260,0.0311814623,0.9670396117,1.0000000000,1.0000000000,0
0,7050972.8845883152,275000.0000000000,624.0000000000,0.9900406009,0.9895400000,0.0001922970,0.0000000000,0.0000000000,0,0.0000000000,0.0000000000,0.0000000000,1.0000000000,0.0000000000,0.0000000000,0.0010178210,0.0408448387,0.9581373403,1.0000000000,1.0000000000,0
1,7051966.8683038279,274995.7103257480,624.0000000000,0.9901149136,0.9901100000,0.0001893332,0.0000000000,0.0000000000,0,1.0000000000,0.0000000000,0.0000000000,1.0000000000,0.0000000000,0.0000000000,0.0019426543,0.0599387654,0.9381185803,1.0000000000,0.9999999945,0
0,7050992.2191747455,275000.0000000000,626.0000000000,0.9892360321,0.9895800000,0.0001799677,0.0000000000,0.0000000000,0,0.0000000000,0.0000000000,0.0000000000,1.0000000000,0.0000000000,0.0000000000,0.0018245380,0.0415436269,0.9566318352,1.0000000000,0.9999999971,0
1,7051948.8723164275,274997.5664131155,626.0000000000,0.9889931952,0.9903800000,0.0001982760,0.0000000000,0.0000000000,0,0.0000000000,0.0000000000,0.0000000000,1.0000000000,0.0000000000,0.0000000000,0.0015629790,0.0342630662,0.9641739548,1.0000000000,0.9999999895,0
0,7051011.5537611758,275000.0000000000,628.0000000000,0.9894511690,0.9900700000,0.0002083703,0.0000000000,0.0000000000,0,0.0000000000,0.0000000000,0.0000000000,1.0000000000,0.0000000000,0.0000000000,0.0039968905,0.0414297986,0.9545733108,1.0000000000,0.9999999917,0
1,7051927.2242304767,274998.5695782498,628.0000000000,0.9897725641,0.9902700000,0.0001902739,0.0000000000,0.0000000000,0,0.0000000000,0.0000000000,0.0000000000,1.0000000000,0.0000000000,0.0000000000,0.0015326871,0.0347002922,0.9637670206,1.0000000000,1.0000000000,0
0,7051030.8883476062,275000.0000000000,630.0000000000,0.9900269818,0.9893400000,0.0001843371,0.0000000000,0.0000000000,0,0.0000000000,0.0000000000,0.0000000000,1.0000000000,0.0000000000,0.0000000000,0.0036314671,0.0414552317,0.9549133011,1.0000000000,0.9999999880,0
1,7051906.9553412292,274999.4605243813,630.0000000000,0.9901606750,0.9897800000,0.0001816218,0.0000000000,0.0000000000,0,0.0000000000,0.0000000000,0.0000000000,1.0000000000,0.0000000000,0.0000000000,0.0018186188,0.0390760005,0.9591053807,1.0000000000,1.0000000000,0
0,7051050.2229340365,275000.0000000000,632.0000000000,0.9897092732,0.9897000000,0.0001962179,0.0000000000,0.0000000000,0,0.0000000000,0.0000000000,0.0000000000,1.0000000000,0.0000000000,0.0000000000,0.0027953405,0.0386904826,0.9585141768,1.0000000000,1.0000000000,0
1,7051886.5951406723,274999.2429851051,632.0000000000,0.9894712467,0.9899700000,0.0001784643,0.0000000000,0.0000000000,0,0.0000000000,0.0000000000,0.0000000000,1.0000000000,0.0000000000,0.0000000000,0.0026564672,0.0338239945,0.9635195384,1.0000000000,1.0000000000,0
0,7051069.5575204669,275000.0000000000,634.0000000000,0.9895143409,0.9897800000,0.0001819324,0.0000000000,0.0000000000,0,0.0000000000,0.0000000000,0.0000000000,1.0000000000,0.0000000000,0.0000000000,0.0008519521,0.0361469652,0.9630010827,1.0000000000,0.9999999969,0
1,7051867.7174943807,275000.4693764020,634.0000000000,0.9897149566,0.9899400000,0.0001845858,0.0000000000,0.0000000000,0,0.0000000000,0.0000000000,0.0000000000,1.0000000000,0.0000000000,0.0000000000,0.0008276345,0.0298932209,0.9692791446,1.0000000000,0.9999999962,0
0,7051088.8921068972,275000.0000000000,636.0000000000,0.9897758842,0.9900600000,0.0001776479,0.0000000000,0.0000000000,0,0.0000000000,0.0000000000,0.0000000000,1.0000000000,0.0000000000,0.0000000000,0.0008597384,0.0270872705,0.9720529911,1.0000000000,0.9999999918,0
1,7051849.1368901068,275000.7659476488,636.0000000000,0.9894402028,0.9900800000,0.0002040589,0.0000000000,0.0000000000,0,0.0000000000,0.0000000000,0.0000000000,1.0000000000,0.0000000000,0.0000000000,0.0005822173,0.0316309137,0.9677868690,1.0000000000,1.0000000000,0
0,7051108.2266933275,275000.0000000000,638.0000000000,0.9902802618,0.9895000000,0.0002039744,0.0000000000,0.0000000000,0,0.0000000000,0.0000000000,0.0000000000,1.0000000000,0.0000000000,0.0000000000,0.0009542196,0.0153278087,0.9837179717,1.0000000000,0.9999999967,0
1,7051831.1569613162,275000.9265000192,638.0000000000,0.9897641258,0.9904400000,0.0001927185,0.0000000000,0.0000000000,0,0.0000000000,0.0000000000,0.0000000000,1.0000000000,0.0000000000,0.0000000000,0.0008300063,0.0161190740,0.9830509197,1.0000000000,0.9999999945,0
0,7051127.5612797579,275000.0000000000,640.0000000000,0.9899274591,0.9902000000,0.0001995224,0.0000000000,0.0000000000,0,0.0000000000,0.0000000000,0.0000000000,1.0000000000,0.0000000000,0.0000000000,0.0009196640,0.0166276532,0.9824526828,1.0000000000,0.9999999994,0
1,7051811.0692906789,274999.6458672659,640.0000000000,0.9902039790,0.9902100000,0.0001976311,0.0000000000,0.0000000000,0,0.0000000000,0.0000000000,0.0000000000,1.0000000000,0.0000000000,0.0000000000,0.0008321767,0.0139030992,0.9852647242,1.0000000000,1.0000000000,0
0,7051146.8958661882,275000.0000000000,642.0000000000,0.9897826023,0.9899100000,0.0002039260,0.0000000000,0.0000000000,0,0.0000000000,0.0000000000,0.0000000000,1.0000000000,0.0000000000,0.0000000000,0.0011935298,0.0175261813,0.9812802889,1.0000000000,0.9999999974,0
1,7051793.1705418313,275000.6889704712,642.0000000000,0.9894893728,0.9893700000,0.0001859057,0.0000000000,0.0000000000,0,0.0000000000,0.0000000000,0.0000000000,1.0000000000,0.0000000000,0.0000000000,0.0006271457,0.0127842812,0.9865885730,1.0000000000,0.9999999961,0
0,7051166.2304526186,275000.0000000000,644.0000000000,0.9899991804,0.9898500000,0.0001872366,0.0000000000,0.0000000000,0,0.0000000000,0.0000000000,0.0000000000,1.0000000000,0.0000000000,0.0000000000,0.0000101777,0.0001665034,0.9998233189,1.0000000000,0.9999999953,0
1,7051776.9553855862,275002.1845456409,644.0000000000,0.9897855347,0.9904500000,0.0001908067,0.0000000000,0.0000000000,0,0.0000000000,0.0000000000,0.0000000000,1.0000000000,0.0000000000,0.0000000000,0.0000123388,0.0002470376,0.9997406236,1.0000000000,0.9999999972,0
0,7051185.5650390489,275000.0000000000,646.0000000000,0.9902120631,0.9903100000,0.0001870980,0.0000000000,0.0000000000,0,0.0000000000,0.0000000000,0.0000000000,1.0000000000,0.0000000000,0.0000000000,0.0000080215,0.0002385576,0.9997534208,1.0000000000,1.0000000000,0
1,7051756.9695988148,275000.8715904023,646.0000000000,0.9894695875,0.9902500000,0.0002032141,0.0000000000,0.0000000000,0,0.0000000000,0.0000000000,0.0000000000,1.0000000000,0.0000000000,0.0000000000,0.0000103668,0.0002601275,0.9997295057,1.0000000000,0.9999999972,0
0,7051204.8996254792,275000.0000000000,648.0000000000,0.9898556577,0.9901700000,0.0001938412,0.0000000000,0.0000000000,0,0.0000000000,0.0000000000,0.0000000000,1.0000000000,0.0000000000,0.0000000000,0.0000771205,0.0002464126,0.9996764670,1.0000000000,1.0000000000,0
1,7051736.9250526046,275001.3587498873,648.0000000000,0.9895348338,0.9898800000,0.0001688796,0.0000000000,0.0000000000,0,0.0000000000,0.0000000000,0.0000000000,1.0000000000,0.0000000000,0.0000000000,0.0000872870,0.0005229043,0.9993898087,1.0000000000,0.9999999972,0
0,7051224.2342119096,275000.0000000000,650.0000000000,0.9890953302,0.9894400000,0.0001991382,0.0000000000,0.0000000000,0,0.0000000000,0.0000000000,0.0000000000,1.0000000000,0.0000000000,0.0000000000,0.0000048994,0.0005989828,0.9993961178,0.9999999289,0.9999999289,0
1,7051721.0343622323,275001.2787030935,650.0000000000,0.9894737516,0.9894400000,0.0002036005,0.0000000000,0.0000000000,0,0.0000000000,0.0000000000,0.0000000000,1.0000000000,0.0000000000,0.0000000000,0.0000106587,0.0004526563,0.9995366850,1.0000000000,1.0000000000,0
0,7051243.5687983399,275000.0000000000,652.0000000000,0.9899137264,0.9899300000,0.0002015944,0.0000000000,0.0000000000,0,0.0000000000,0.0000000000,0.0000000000,1.0000000000,0.0000000000,0.0000000000,0.0000074437,0.0001847620,0.9998077943,1.0000000000,1.0000000000,0
1,7051699.4114420665,275002.5566004959,652.0000000000,0.9899864109,0.9906500000,0.0001945552,0.0000000000,0.0000000000,0,0.0000000000,0.0000000000,0.0000000000,1.0000000000,0.0000000000,0.0000000000,0.0000036348,0.0004815559,0.9995148093,1.0000000000,0.9999999925,0
0,7051262.9033847703,275000.0000000000,654.0000000000,0.9897121634,0.9900000000,0.0001969163,0.0000000000,0.0000000000,0,0.0000000000,0.0000000000,0.0000000000,1.0000000000,0.0000000000,0.0000000000,0.0000074266,0.0002500065,0.9997425669,1.0000000000,0.9999999974,0
1,7051679.9680856308,275004.1686362375,654.0000000000,0.9900067923,0.9902000000,0.0001800942,0.0000000000,0.0000000000,0,0.0000000000,0.0000000000,0.0000000000,1.0000000000,0.0000000000,0.0000000000,0.0000070255,0.0002408225,0.9997521520,1.0000000000,0.9999999944,0
0,7051282.2379712006,275000.0000000000,656.0000000000,0.9896135517,0.9902900000,0.0001743825,0.0000000000,0.0000000000,0,0.0000000000,0.0000000000,0.0000000000,1.0000000000,0.0000000000,0.0000000000,0.0000057912,0.0002299911,0.9997642176,1.0000000000,1.0000000000,0
1,7051659.0288607525,275003.8159116033,656.0000000000,0.9898427876,0.9899600000,0.0001999295,0.0000000000,0.0000000000,0,0.0000000000,0.0000000000,0.0000000000,1.0000000000,0.0000000000,0.0000000000,0.0000062945,0.0004182115,0.9995754941,1.0000000000,0.9999999944,0
0,7051301.5725576309,275000.0000000000,658.0000000000,0.9901384956,0.9904600000,0.0002067896,0.0000000000,0.0000000000,0,0.0000000000,0.0000000000,0.0000000000,1.0000000000,0.0000000000,0.0000000000,0.0000095961,0.0015813705,0.9984090335,1.0000000000,1.0000000000,0
1,7051639.2175691025,274998.7892786322,658.0000000000,0.9892879934,0.9895800000,0.0001861346,0.0000000000,0.0000000000,0,1.0000000000,0.0000000000,0.0000000000,1.0000000000,0.0000000000,0.0000000000,0.0010025210,0.0336320187,0.9653654603,1.0000000000,1.0000000000,0
0,7051320.9071440613,275000.0000000000,660.0000000000,0.9900530206,0.9903400000,0.0002047204,0.0000000000,0.0000000000,0,0.0000000000,0.0000000000,0.0000000000,1.0000000000,0.0000000000,0.0000000000,0.0000123871,0.0007365766,0.9992510363,1.0000000000,0.9999999960,0
1,7051619.1308127847,274996.7787461208,660.0000000000,0.9894182401,0.9899000000,0.0002073289,0.0000000000,0.0000000000,0,1.0000000000,0.0000000000,0.0000000000,1.0000000000,0.0000000000,0.0000000000,0.0014850842,0.0265740466,0.9719408692,1.0000000000,1.0000000000,0
0,7051340.2417304916,275000.0000000000,662.0000000000,0.9896297381,0.9900900000,0.0002196589,0.0000000000,0.0000000000,0,0.0000000000,0.0000000000,0.0000000000,1.0000000000,0.0000000000,0.0000000000,0.0002689363,0.0003616890,0.9993693746,1.0000000000,0.9999999933,0
1,7051600.5152732693,274996.5287300387,662.0000000000,0.9899693441,0.9900800000,0.0001958596,0.0000000000,0.0000000000,0,1.0000000000,0.0000000000,0.0000000000,1.0000000000,0.0000000000,0.0000000000,0.0023268448,0.0285953263,0.9690778289,1.0000000000,0.9999999962,0
0,7051359.5763169220,275000.0000000000,664.0000000000,0.9897970358,0.9903500000,0.0002061484,0.0000000000,0.0000000000,0,0.0000000000,0.0000000000,0.0000000000,1.0000000000,0.0000000000,0.0000000000,0.0000094518,0.0005037420,0.9994868062,1.0000000000,0.9999999941,0
1,7051579.4721980942,274997.1699753901,664.0000000000,0.9902584098,0.9901700000,0.0001989470,0.0000000000,0.0000000000,0,0.0000000000,0.0000000000,0.0000000000,1.0000000000,0.0000000000,0.0000000000,0.0000095599,0.0019348206,0.9980556195,1.0000000000,0.9999999899,0
0,7051378.9109033523,275000.0000000000,666.0000000000,0.9899258327,0.9895600000,0.0001952983,0.0000000000,0.0000000000,0,0.0000000000,0.0000000000,0.0000000000,1.0000000000,0.0000000000,0.0000000000,0.0000106206,0.0023772855,0.9976120939,1.0000000000,1.0000000000,0
1,7051560.3301905897,274997.6837925304,666.0000000000,0.9897234644,0.9899000000,0.0001951412,0.0000000000,0.0000000000,0,0.0000000000,0.0000000000,0.0000000000,1.0000000000,0.0000000000,0.0000000000,0.0000094622,0.0018524690,0.9981380687,1.0000000000,0.9999999964,0
0,7051398.2454897827,275000.0000000000,668.0000000000,0.9900200388,0.9896800000,0.0002001365,0.0000000000,0.0000000000,0,0.0000000000,0.0000000000,0.0000000000,1.0000000000,0.0000000000,0.0000000000,0.0000093095,0.0016575019,0.9983331886,1.0000000000,1.0000000000,0
1,7051540.5533311721,274998.5865411882,668.0000000000,0.9896291650,0.9902000000,0.0002008938,0.0000000000,0.0000000000,0,0.0000000000,0.0000000000,0.0000000000,1.0000000000,0.0000000000,0.0000000000,0.0000757565,0.0005210179,0.9994032256,1.0000000000,0.9999999972,0
0,7051417.5800762130,275000.0000000000,670.0000000000,0.9899337475,0.9899100000,0.0001968996,0.0000000000,0.0000000000,0,0.0000000000,0.0000000000,0.0000000000,1.0000000000,0.0000000000,0.0000000000,0.0000066577,0.0008046858,0.9991886565,1.0000000000,1.0000000000,0
1,7051519.4483857043,274998.3059760567,670.0000000000,0.9895594366,0.9901300000,0.0001919156,0.0000000000,0.0000000000,0,0.0000000000,0.0000000000,0.0000000000,1.0000000000,0.0000000000,0.0000000000,0.0000123730,0.0003881988,0.9995994281,1.0000000000,1.0000000000,0
0,7051436.9146626433,275000.0000000000,672.0000000000,0.9900198296,0.9899600000,0.0002006787,0.0000000000,0.0000000000,0,0.0000000000,0.0000000000,0.0000000000,1.0000000000,0.0000000000,0.0000000000,0.0002564820,0.0020903879,0.9976531301,1.0000000000,1.0000000000,0
1,7051499.5139788873,274999.6176081306,672.0000000000,0.9897405827,0.9897200000,0.0002100679,0.0000000000,0.0000000000,0,0.0000000000,0.0000000000,0.0000000000,1.0000000000,0.0000000000,0.0000000000,0.0000104104,0.0003328927,0.9996566969,1.0000000000,1.0000000000,0
0,7051456.2492490737,275000.0000000000,674.0000000000,0.9897469109,0.9901700000,0.0001936784,0.0000000000,0.0000000000,0,0.0000000000,0.0000000000,0.0000000000,1.0000000000,0.0000000000,0.0000000000,0.0002644916,0.0013323803,0.9984031281,1.0000000000,0.9999999946,0
1,7051481.9114890341,274998.4149872044,674.0000000000,0.9898312169,0.9900200000,0.0002029943,0.0000000000,0.0000000000,0,0.0000000000,0.0000000000,0.0000000000,1.0000000000,0.0000000000,0.0000000000,0.0000123607,0.0028755541,0.9971120852,1.0000000000,1.0000000000,0
0,7051475.5838355040,275000.0000000000,676.0000000000,0.9899696635,0.9897700000,0.0001854048,0.0000000000,0.0000000000,0,0.0000000000,0.0000000000,0.0000000000,1.0000000000,0.0000000000,0.0000000000,0.0000148385,0.0013676751,0.9986174864,1.0000000000,0.9999999954,0
1,7051465.2564963792,274998.0294158736,676.0000000000,0.9898803374,0.9899700000,0.0002086414,0.0000000000,0.0000000000,0,0.0000000000,0.0000000000,0.0000000000,1.0000000000,0.0000000000,0.0000000000,0.0000095108,0.0023834265,0.9976070627,1.0000000000,1.0000000000,0
0,7051494.9184219344,275000.0000000000,678.0000000000,0.9897491190,0.9901100000,0.0001975425,0.0000000000,0.0000000000,0,0.0000000000,0.0000000000,0.0000000000,1.0000000000,0.0000000000,0.0000000000,0.0000117450,0.0005634486,0.9994248064,1.0000000000,1.0000000000,0
1,7051447.1438825782,274999.0468694303,678.0000000000,0.9896447975,0.9899100000,0.0001934470,0.0000000000,0.0000000000,0,0.0000000000,0.0000000000,0.0000000000,1.0000000000,0.0000000000,0.0000000000,0.0000140182,0.0016413527,0.9983446291,1.0000000000,1.0000000000,0
0,7051514.2530083647,275000.0000000000,680.0000000000,0.9895305064,0.9899600000,0.0001907069,0.0000000000,0.0000000000,0,0.0000000000,0.0000000000,0.0000000000,1.0000000000,0.0000000000,0.0000000000,0.0000911001,0.0005569349,0.9993519650,1.0000000000,0.9999999978,0
1,7051426.3808814595,275000.1891560341,680.0000000000,0.9893742264,0.9895100000,0.0001915717,0.0000000000,0.0000000000,0,0.0000000000,0.0000000000,0.0000000000,1.0000000000,0.0000000000,0.0000000000,0.0000080618,0.0034706914,0.9965212468,1.0000000000,1.0000000000,0
0,7051533.5875947950,275000.0000000000,682.0000000000,0.9900517061,0.9899100000,0.0002014890,0.0000000000,0.0000000000,0,0.0000000000,0.0000000000,0.0000000000,1.0000000000,0.0000000000,0.0000000000,0.0000125097,0.0001787317,0.9998087586,1.0000000000,1.0000000000,0
1,7051405.4412920075,275001.0200609650,682.0000000000,0.9899045076,0.9900700000,0.0002255521,0.0000000000,0.0000000000,0,0.0000000000,0.0000000000,0.0000000000,1.0000000000,0.0000000000,0.0000000000,0.0000131442,0.0011139784,0.9988728773,1.0000000000,0.9999999933,0
0,7051552.9221812254,275000.0000000000,684.0000000000,0.9898999800,0.9897600000,0.0001950283,0.0000000000,0.0000000000,0,0.0000000000,0.0000000000,0.0000000000,1.0000000000,0.0000000000,0.0000000000,0.0000075500,0.0001775718,0.9998148783,1.0000000000,0.9999999978,0
1,7051386.5950759826,275001.7856400063,684.0000000000,0.9900916788,0.9898600000,0.0002055287,0.0000000000,0.0000000000,0,0.0000000000,0.0000000000,0.0000000000,1.0000000000,0.0000000000,0.0000000000,0.0002006207,0.0021317687,0.9976676106,1.0000000000,0.9999999977,0
0,7051572.2567676557,275000.0000000000,686.0000000000,0.9901300521,0.9899600000,0.0001980032,0.0000000000,0.0000000000,0,0.0000000000,0.0000000000,0.0000000000,1.0000000000,0.0000000000,0.0000000000,0.0000056659,0.0001828939,0.9998114402,1.0000000000,0.9999999979,0
1,7051366.3196424674,275000.2722207296,686.0000000000,0.9902943809,0.9898600000,0.0002096683,0.0000000000,0.0000000000,0,0.0000000000,0.0000000000,0.0000000000,1.0000000000,0.0000000000,0.0000000000,0.0003773891,0.0015058671,0.9981167438,1.0000000000,0.9999999928,0
0,7051591.5913540861,275000.0000000000,688.0000000000,0.9900225563,0.9897900000,0.0001883967,0.0000000000,0.0000000000,0,0.0000000000,0.0000000000,0.0000000000,1.0000000000,0.0000000000,0.0000000000,0.0000064283,0.0002269419,0.9997666298,1.0000000000,0.9999999946,0
1,7051346.1069271741,275002.8095661007,688.0000000000,0.9897678736,0.9901400000,0.0001927841,0.0000000000,0.0000000000,0,0.0000000000,0.0000000000,0.0000000000,1.0000000000,0.0000000000,0.0000000000,0.0000098925,0.0010531899,0.9989369176,1.0000000000,1.0000000000,0
0,7051610.9259405164,275000.0000000000,690.0000000000,0.9898643358,0.9902600000,0.0002139311,0.0000000000,0.0000000000,0,0.0000000000,0.0000000000,0.0000000000,1.0000000000,0.0000000000,0.0000000000,0.0000140523,0.0001901307,0.9997958170,1.0000000000,1.0000000000,0
1,7051327.3408780368,275002.0697218926,690.0000000000,0.9894491293,0.9898600000,0.0001853832,0.0000000000,0.0000000000,0,0.0000000000,0.0000000000,0.0000000000,1.0000000000,0.0000000000,0.0000000000,0.0000119290,0.0008510424,0.9991370285,1.0000000000,0.9999999937,0
0,7051630.2605269467,275000.0000000000,692.0000000000,0.9897752387,0.9900700000,0.0002145656,0.0000000000,0.0000000000,0,0.0000000000,0.0000000000,0.0000000000,1.0000000000,0.0000000000,0.0000000000,0.0000065637,0.0002435765,0.9997498598,1.0000000000,0.9999999974,0
1,7051309.6198052531,275000.7731239140,692.0000000000,0.9899487859,0.9903100000,0.0001966607,0.0000000000,0.0000000000,0,0.0000000000,0.0000000000,0.0000000000,1.0000000000,0.0000000000,0.0000000000,0.0000091483,0.0008260482,0.9991648035,1.0000000000,1.0000000000,0
0,7051649.5951133771,275000.0000000000,694.0000000000,0.9901315796,0.9897000000,0.0002003586,0.0000000000,0.0000000000,0,0.0000000000,0.0000000000,0.0000000000,1.0000000000,0.0000000000,0.0000000000,0.0000065109,0.0001835993,0.9998098898,1.0000000000,0.9999999892,0
1,7051291.5872603254,274998.4305117982,694.0000000000,0.9896849168,0.9894200000,0.0002039546,0.0000000000,0.0000000000,0,1.0000000000,0.0000000000,0.0000000000,1.0000000000,0.0000000000,0.0000000000,0.0000048513,0.0022601049,0.9977350438,1.0000000000,0.9999999992,0
0,7051668.9296998074,275000.0000000000,696.0000000000,0.9898469246,0.9899700000,0.0001846545,0.0000000000,0.0000000000,0,0.0000000000,0.0000000000,0.0000000000,1.0000000000,0.0000000000,0.0000000000,0.0000082428,0.0001666505,0.9998251067,1.0000000000,1.0000000000,0
1,7051273.0041799219,275000.2066812089,696.0000000000,0.9896804274,0.9900500000,0.0002068769,0.0000000000,0.0000000000,0,0.0000000000,0.0000000000,0.0000000000,1.0000000000,0.0000000000,0.0000000000,0.0003742073,0.0020748407,0.9975509520,1.0000000000,1.0000000000,0
0,7051688.2642862378,275000.0000000000,698.0000000000,0.9898163823,0.9896600000,0.0002071254,0.0000000000,0.0000000000,0,0.0000000000,0.0000000000,0.0000000000,1.0000000000,0.0000000000,0.0000000000,0.0000087583,0.0002827922,0.9997084495,1.0000000000,0.9999999912,0
1,7051251.0535884229,275000.8110360993,698.0000000000,0.9896810945,0.9902300000,0.0001989666,0.0000000000,0.0000000000,0,0.0000000000,0.0000000000,0.0000000000,1.0000000000,0.0000000000,0.0000000000,0.0002177618,0.0028867440,0.9968954942,1.0000000000,1.0000000000,0
